patient_id,first_name,last_name,dob,gender,ssn_last4,address,city,state,zip,phone,pcp_npi,insurance_id,last_visit_date,primary_dx_icd10
ECW-00125,Marie,,2004-01-09,F,3153,92644 Gregory Alley Suite 902,Moore,OK,95939,(172)513-5521,NPI-7788990011,BCBSOK-PPO,2026-05-08,Z00.00
ECW-00341,Kenneth,,1972-08-25,M,2678,9040 Melanie Manors Suite 528,Norman,OK,99316,(087)524-3772,NPI-9988776655,MEDICARE-A,2023-08-03,I21.9
ECW-00151,,Walls,2004-06-02,F,6062,39452 William Square,Norman,OK,51587,(996)846-0810,NPI-1122334455,MEDICARE-A,2026-05-08,E11.65
ECW-00331,Alejandro,,1993-11-23,M,5055,246 Torres Haven,Port Rebeccaport,TX,68971,(527)323-0085,NPI-3344556677,CIGNA-PPO,2026-05-08,Z00.00
ECW-00329,,Harris,1953-06-21,F,6302,339 Boyd Falls,Stillwater,OK,70171,(302)321-2983,NPI-9988776655,MEDICARE-A,1972-11-03,I50.9
ECW-00348,Kimberly,Clark,1978-08-16,F,7895,24329 Brittany Harbors,Lake Loribury,TX,29618,(446)267-1462,NPI-0987654321,SELFPAY,2026-05-08,ZZ999
ECW-00381,Cindy,Lewis,1972-03-04,F,1427,644 Christopher Cliff,Edmond,OK,46147,(683)420-1654,NPI-7788990011,AETNA-HMO,2026-05-08,BADCODE
ECW-00086,Kathy,Roberts,1990-12-02,F,9751,953 Walter Shore Apt. 644,Enid,OK,08926,(870)568-5662,NPI-6677889900,MEDICARE-A,2011-08-27,99999
ECW-00251,Eric,Davidson,1984-10-25,M,2341,46273 David Harbor Suite 195,Stillwater,OK,97964,(715)890-4290,NPI-7788990011,AETNA-HMO,2026-05-08,X00.000000
ECW-00087,Elijah,White,1949-10-16,M,,270 Faulkner Point Apt. 634,Allenbury,AR,35175,(183)046-9901,NPI-3344556677,BCBSOK-PPO,2008-07-20,123
ECW-00016,Diana,Jones,01/03/1997,F,3591,850 Natalie Green Apt. 940,Michaelhaven,KS,19655,(698)169-3406,NPI-9988776655,CIGNA-PPO,2026-05-08,M54.5
ECW-00099,Kevin,Johnston,10/21/1964,M,8245,0714 Knapp Corner,Brooksmouth,AR,12545,(738)757-1775,NPI-1122334455,MEDICARE-A,1990-08-06,I21.9
ECW-00445,James,Sherman,01/26/1988,M,9267,123 Kane Crescent,Moore,OK,06728,(728)660-4164,NPI-7788990011,CIGNA-PPO,2026-05-08,M54.5
ECW-00427,Meghan,Mathews,03/28/1980,F,8892,093 Rodriguez Parkways Suite 181,Edmond,OK,33595,(616)420-5955,NPI-5544332211,AETNA-HMO,1999-07-18,J44.1
ECW-00285,Carol,Hernandez,02/02/1968,F,6427,9334 Williams Branch,Maynardfort,KS,16679,(984)076-7899,NPI-6677889900,CIGNA-PPO,1986-08-07,F32.9
ECW-00276,Dawn,Harvey,1983-12-06,F,9005,092 Jackson Park,Tiffanystad,TX,57215,(862)415-0274,NPI-6677889900,MEDICAID-OK,2026-05-08,I10
ECW-00195,Krystal,Murphy,1967-10-25,F,,06799 Jeffrey Highway,Norman,OK,62251,(790)864-1686,NPI-0987654321,SELFPAY,2014-01-01,F32.9
ECW-00351,Juan,Macias,1961-02-22,M,,82226 Brown Stream Suite 396,Woodsberg,KS,72757,(844)683-4146,NPI-5544332211,AETNA-HMO,2020-02-15,I50.9
ECW-00491,Shannon,Pacheco,1963-05-06,F,4154,7742 Douglas Lakes,Norman,OK,91779,(323)822-3116,NPI-7788990011,UNITEDHC,1993-09-15,Z23
ECW-00420,Vickie,Richardson,1950-01-04,F,,6033 Brianna Forks,Midwest City,OK,68900,(301)027-2405,NPI-1122334455,AETNA-HMO,2022-01-06,J44.1
ECW-00038,James,Thomas,1942-08-21,M,5325,222 Chelsea Light Apt. 792,Tulsa,OK,37474,(074)821-7594,NPI-1122334455,UNITEDHC,2009-03-26,I10
ECW-00460,Kyle,Ferguson,1983-07-19,M,1202,9039 Katrina Land Suite 580,Enid,OK,99613,(273)034-6156,NPI-3344556677,CIGNA-PPO,2026-05-08,I10
ECW-00244,Stephanie,Ellis,1989-09-19,F,,2411 Joshua Square,Norman,OK,27238,(046)827-5670,NPI-1122334455,CIGNA-PPO,2026-05-08,J44.1
ECW-00182,Brandy,Fry,1975-08-27,F,,845 Fernandez Valley Apt. 745,New Carla,KS,64240,(082)547-8077,NPI-7788990011,MEDICAID-OK,2026-05-08,E11.9
ECW-00366,Joe,Ochoa,1961-09-03,M,7461,97240 Martin Fall,Norman,OK,69312,(163)761-8209,NPI-0987654321,SELFPAY,2026-05-08,F32.9
ECW-00007,Kimberly,Osborne,1955-03-22,F,2139,570 Sarah Wells,Tulsa,OK,43039,(117)182-2782,NPI-6677889900,UNITEDHC,1996-12-02,I21.9
ECW-00336,Gordon,Richards,1950-11-03,M,8529,40901 Alexa Avenue,Washingtonville,TX,69847,(759)655-5535,NPI-6677889900,UNITEDHC,1978-04-08,E11.9
ECW-00278,Herbert,Fletcher,1947-01-25,M,1104,7121 Davis Ways Suite 228,Norman,OK,49939,(089)261-3715,NPI-1234567890,MEDICAID-OK,2008-08-30,N18.4
ECW-00032,Jeffrey,George,2000-11-13,M,4853,39904 Kathryn Extensions,Navarroview,AR,78742,(967)175-6551,NPI-1122334455,BCBSOK-PPO,2026-05-08,J44.1
ECW-00411,Melanie,Villarreal,1960-05-23,F,1202,2022 George Streets,Moore,OK,83774,(419)754-6617,NPI-1122334455,CIGNA-PPO,2026-05-08,K21.0
ECW-00434,Jessica,Mcclure,1965-05-30,F,,42138 Anthony Canyon,Sheilaview,TX,88307,(053)496-7827,NPI-7788990011,BCBSOK-PPO,2016-05-03,K21.0
ECW-00035,Jordan,Suarez,2000-06-11,M,9288,6584 Justin Hills,Broken Arrow,OK,99727,(875)588-6753,NPI-1234567890,BCBSOK-PPO,2026-05-08,M54.5
ECW-00311,Mary,Neal,1988-06-16,F,6706,465 Daniel Wells Apt. 730,Greenemouth,TX,33793,(375)636-2050,NPI-3344556677,HUMANA-PPO,2026-05-08,I10
ECW-00402,Mallory,Mccarthy,1947-08-16,F,8869,012 Stevenson Walk Apt. 251,Norman,OK,22572,(076)502-4120,NPI-3344556677,UNITEDHC,1996-04-22,M54.5
ECW-00199,Andrea,Guerrero,1949-08-24,F,,04636 Rebecca Oval Apt. 238,Lawton,OK,78003,(845)762-0555,NPI-1122334455,HUMANA-PPO,2008-11-04,I21.9
ECW-00127,Angela,Singleton,1976-08-17,F,,54115 Pamela Estates Apt. 815,Broken Arrow,OK,99706,(296)201-5336,NPI-5544332211,SELFPAY,2006-10-25,K21.0
ECW-00424,Robert,Garza,1953-01-31,M,,9660 Angela Stravenue,Moore,OK,48769,(984)267-3204,NPI-1122334455,MEDICAID-OK,2016-03-16,E11.9
ECW-00022,John,Price,1984-10-10,M,6539,806 Christopher Meadow,Ramseymouth,AR,27204,(653)755-6464,NPI-1234567890,BCBSOK-PPO,2026-05-08,M54.5
ECW-00131,Thomas,Sloan,2002-12-13,M,,68685 Stone Well,Tulsa,OK,09986,(162)299-9119,NPI-1122334455,CIGNA-PPO,2026-05-08,I10
ECW-00169,Douglas,Mcdowell,2001-06-19,M,6626,818 Nicholas Ford,Scotttown,KS,56512,(694)486-9594,NPI-7788990011,HUMANA-PPO,2026-05-08,M54.5
ECW-00476,Mark,Crane,1988-12-29,M,5760,8881 Sean Pike,Enid,OK,33423,(372)094-8413,NPI-3344556677,AETNA-HMO,2019-03-16,I10
ECW-00326,Robert,Rivas,1968-11-15,M,5055,155 Colleen Plains Suite 613,Lake Gary,TX,31552,(065)063-7314,NPI-6677889900,BCBSOK-PPO,2026-05-08,J44.1
ECW-00100,Andrea,Williams,1998-10-31,F,7690,51238 Andrea Isle,Lawton,OK,86736,(226)609-3796,NPI-1234567890,MEDICAID-OK,2022-09-24,I50.9
ECW-00017,Aaron,Frost,1950-12-02,M,9317,6159 Alvarado Crossing,Norman,OK,48465,(648)236-6299,NPI-1234567890,AETNA-HMO,2026-05-08,F32.9
ECW-00198,Joanna,Johnson,1992-01-25,F,6759,848 Dean Divide,Lake Amanda,AR,06980,(420)439-4070,NPI-6677889900,BCBSOK-PPO,2026-05-08,I10
ECW-00312,Benjamin,Johnson,1980-01-29,M,2885,47395 Theresa Flat,Norman,OK,34234,(258)323-0241,NPI-7788990011,AETNA-HMO,2014-01-12,Z00.00
ECW-00406,Jesse,Robinson,1944-07-14,M,2404,0042 Koch Turnpike Apt. 142,North Tracytown,AR,36914,(307)536-6614,NPI-0987654321,MEDICAID-OK,2021-06-16,K21.0
ECW-00118,Cynthia,Green,1951-06-03,F,9153,5574 Charles Flats Apt. 912,Midwest City,OK,12775,(618)537-4741,NPI-0987654321,BCBSOK-PPO,2007-10-02,E11.9
ECW-00167,Mary,Baker,1965-08-04,F,1932,9913 Cruz Coves Apt. 388,Tulsa,OK,62912,(799)088-1172,NPI-9988776655,SELFPAY,2016-02-13,M54.5
ECW-00369,Courtney,Huber,1965-03-16,F,2978,1092 Roy Isle,Michaelmouth,TX,92624,(945)147-5410,NPI-1122334455,HUMANA-PPO,2026-05-08,I21.9
ECW-00280,Christopher,Hanna,1959-04-09,M,1194,6421 Henry Meadows,Davisborough,KS,49251,(583)776-7499,NPI-7788990011,AETNA-HMO,1980-03-14,I21.9
ECW-00258,Janice,Bryant,1959-07-28,F,4648,738 Roberts Walk Suite 317,Midwest City,OK,52071,(678)112-6691,NPI-6677889900,BCBSOK-PPO,2016-02-25,J06.9
ECW-00425,Rebecca,Tapia,1965-11-02,F,8646,609 Ward Shoals Suite 901,East Kelseyport,AR,49542,(770)707-0578,NPI-5544332211,AETNA-HMO,2026-05-08,I21.9
ECW-00075,Karen,Coffey,1959-03-23,F,7071,097 Alexandria Stravenue,Moore,OK,96230,(913)075-6263,NPI-5544332211,MEDICAID-OK,2026-05-08,F32.9
ECW-00137,Steven,Trujillo,1982-02-21,M,,744 Sullivan Street,Guerreroberg,KS,09935,(387)584-2824,NPI-9988776655,CIGNA-PPO,2026-05-08,M54.5
ECW-00320,Christopher,Serrano,1957-03-26,M,5732,4334 Shawn Land,Johnsonborough,TX,80256,(621)286-7163,NPI-7788990011,MEDICARE-A,2026-02-17,J06.9
ECW-00453,Matthew,Mclaughlin,1998-01-23,M,,529 Black Shores Suite 601,Lawton,OK,38241,(270)493-8620,NPI-9988776655,MEDICARE-A,2026-05-08,Z00.00
ECW-00170,William,Sanders,2003-07-04,M,8172,8872 Hansen Orchard,Lawton,OK,44956,(213)721-3865,NPI-5544332211,UNITEDHC,2026-05-08,N18.4
ECW-00435,Edward,Rodriguez,1945-12-12,M,5888,6741 Victoria Street,Broken Arrow,OK,15131,(528)547-8150,NPI-3344556677,AETNA-HMO,1974-04-20,I50.9
ECW-00444,Eric,Morgan,1992-03-23,M,,59960 Vaughn Throughway,Broken Arrow,OK,87875,(357)788-1161,NPI-1122334455,SELFPAY,2026-05-08,Z00.00
ECW-00157,Joshua,Park,1994-09-15,M,5742,75011 Gregory Glen,Lucasland,TX,81934,(667)665-0618,NPI-0987654321,HUMANA-PPO,2026-05-08,E11.65
ECW-00475,Mariah,Harrell,1995-01-19,F,9393,153 Clark Drive,Thompsonfurt,KS,49135,(779)083-3506,NPI-1234567890,UNITEDHC,2019-05-20,J06.9
ECW-00019,Alexander,Sanchez,1956-02-12,M,,176 Jennifer Lights Suite 632,Enid,OK,01632,(870)831-7278,NPI-1122334455,MEDICAID-OK,1978-03-05,N18.4
ECW-00359,Ann,Williams,1986-11-16,F,7819,433 Simmons Circle Suite 041,Tulsa,OK,45456,(350)200-0534,NPI-3344556677,HUMANA-PPO,2026-05-08,J06.9
ECW-00404,Elizabeth,Cook,1998-11-03,F,7349,48026 Donna Divide Suite 703,Norman,OK,96531,(361)487-8245,NPI-0987654321,SELFPAY,2026-05-08,Z23
ECW-00325,Cassandra,Klein,1958-04-17,F,,4709 Brandon Lane,South Heather,TX,33533,(106)005-3131,NPI-6677889900,SELFPAY,1995-06-02,N18.3
ECW-00380,Angelica,Dennis,1943-01-07,F,9921,1559 Lewis Streets Suite 147,Tateborough,AR,08272,(359)096-0567,NPI-9988776655,MEDICAID-OK,2008-01-07,N18.3
ECW-00054,Harold,Jones,1947-11-28,M,9445,0054 Deanna Walk Apt. 998,Broken Arrow,OK,67980,(793)597-8207,NPI-3344556677,BCBSOK-PPO,1979-06-23,K21.0
ECW-00264,Alex,Harrison,1957-01-26,M,,6965 Lindsey Courts,Enid,OK,35785,(294)563-7183,NPI-3344556677,BCBSOK-PPO,1999-07-20,J44.1
ECW-00036,Veronica,Allen,1992-11-11,F,9900,7662 Hanna Crossroad,Hallchester,KS,89517,(187)026-2174,NPI-7788990011,HUMANA-PPO,2026-05-08,M54.5
ECW-00367,Ariel,Cruz,1983-08-08,F,,02314 Sheena Rapid,Lawton,OK,00185,(132)797-2457,NPI-9988776655,UNITEDHC,2026-05-08,Z00.00
ECW-00203,Tammy,Clements,1960-07-26,F,2929,12797 Delacruz Gateway,Lake Emily,TX,66096,(569)998-8081,NPI-9988776655,UNITEDHC,2026-05-08,N18.3
ECW-00226,Christopher,Ross,1989-02-27,M,7576,8366 Baker Pines Suite 047,Norman,OK,65801,(856)945-4414,NPI-9988776655,MEDICARE-A,2026-05-08,E11.9
ECW-00243,Joshua,Banks,1976-12-16,M,9901,5486 Brown Landing,Port Julie,KS,57788,(178)847-9513,NPI-5544332211,MEDICARE-A,2026-05-08,J06.9
ECW-00259,Natalie,Stafford,1959-04-18,F,4762,53539 Martinez Villages,Edmond,OK,67499,(465)796-7842,NPI-1234567890,MEDICAID-OK,2025-09-29,E11.9
ECW-00147,Paul,Flores,1999-05-11,M,2582,0838 Powell Freeway Apt. 779,Enid,OK,71775,(170)166-0880,NPI-7788990011,SELFPAY,2022-02-08,N18.4
ECW-00432,Barbara,Merritt,1941-12-16,F,,991 Charles Knoll Suite 676,Tulsa,OK,47229,(812)099-5765,NPI-3344556677,MEDICAID-OK,1964-06-10,N18.3
ECW-00469,Kim,Cook,1957-11-18,F,2741,666 Dana River Apt. 299,Douglasville,TX,81996,(059)329-7150,NPI-6677889900,MEDICAID-OK,2026-05-08,I50.9
ECW-00218,Cynthia,Sanchez,1960-10-25,F,6228,6153 Mueller Mews,Midwest City,OK,95832,(197)199-7581,NPI-3344556677,CIGNA-PPO,2011-06-24,I10
ECW-00177,Scott,Lopez,1942-04-26,M,7731,2763 Haynes Landing Suite 647,Joelfort,TX,29293,(143)866-3227,NPI-1122334455,BCBSOK-PPO,2010-12-14,E11.65
ECW-00089,Thomas,Wood,1971-01-25,M,1878,93204 Phillips Flat Suite 369,Broken Arrow,OK,37854,(777)252-2872,NPI-6677889900,MEDICAID-OK,1992-02-08,Z00.00
ECW-00143,Douglas,Glover,1995-09-11,M,9984,356 Martin Plaza Suite 375,Gonzalezborough,AR,30011,(972)181-1437,NPI-7788990011,UNITEDHC,2017-06-29,I10
ECW-00462,Eric,Green,2005-12-21,M,3571,5851 Tina Place Suite 120,New Lindsaymouth,TX,59438,(976)074-0177,NPI-0987654321,HUMANA-PPO,2026-05-08,M54.5
ECW-00418,Joshua,Gross,1979-02-08,M,7609,71990 Zavala Mall,Broken Arrow,OK,99187,(240)107-8356,NPI-0987654321,SELFPAY,2004-07-26,I10
ECW-00344,Heidi,Chase,1987-07-12,F,2646,2015 White Center Apt. 859,Lake Kristenberg,AR,62630,(136)749-2617,NPI-3344556677,AETNA-HMO,2026-05-08,J06.9
ECW-00185,Eric,Lloyd,1999-11-28,M,4533,0512 Joseph Lock Apt. 872,Edmond,OK,34601,(367)303-7183,NPI-1234567890,CIGNA-PPO,2026-05-08,Z00.00
ECW-00134,Carrie,Golden,1958-03-03,F,,30705 Joshua View,Edmond,OK,78610,(357)972-7985,NPI-7788990011,MEDICARE-A,2002-08-13,N18.4
ECW-00135,Gregory,Monroe,1966-03-22,M,4475,140 Williams Walk Apt. 333,Lawton,OK,46800,(722)903-4944,NPI-1122334455,CIGNA-PPO,2026-05-08,I21.9
ECW-00219,Rodney,Thompson,1998-05-01,M,7293,91965 Newman Circle Apt. 329,Norman,OK,02278,(469)973-3549,NPI-3344556677,MEDICAID-OK,2018-06-14,Z23
ECW-00028,Christopher,Smith,2002-06-24,M,9856,0084 Dana Terrace,Norman,OK,71094,(777)520-4711,NPI-5544332211,AETNA-HMO,2026-05-08,E11.65
ECW-00273,Theresa,Wilkerson,1998-03-03,F,,08931 Gonzalez Squares,Lawton,OK,20696,(942)152-9108,NPI-1234567890,AETNA-HMO,2026-05-08,Z23
ECW-00108,Shannon,Mcdowell,2000-10-02,M,7798,541 Beck Run,Edmond,OK,20643,(611)037-1293,NPI-1122334455,SELFPAY,2026-05-08,Z23
ECW-00274,Jessica,Mora,2002-11-30,F,4625,713 James Wall Suite 476,Enid,OK,26393,(436)262-0443,NPI-6677889900,BCBSOK-PPO,2026-05-08,N18.4
ECW-00186,Kaitlyn,Maldonado,1996-02-01,F,7878,2088 Jon Route Suite 350,Tulsa,OK,31365,(024)916-3009,NPI-3344556677,BCBSOK-PPO,2026-05-08,I21.9
ECW-00353,Miguel,Park,1968-01-14,M,1901,89097 Emily Track Apt. 215,Oklahoma City,OK,28506,(762)515-3814,NPI-0987654321,MEDICAID-OK,2014-09-08,I10
ECW-00034,Tanya,Kim,1971-07-05,F,5915,09324 Andrea Course Apt. 171,Midwest City,OK,27484,(677)378-2639,NPI-6677889900,UNITEDHC,2005-12-02,E11.65
ECW-00478,Katelyn,Hudson,2005-11-14,F,1414,73997 Johnathan Lodge Suite 725,Broken Arrow,OK,87844,(483)548-8471,NPI-6677889900,BCBSOK-PPO,2026-05-08,I50.9
ECW-00309,Ashley,Curtis,1965-06-22,F,9199,10919 Rebecca Crossroad,South Zacharyshire,TX,84567,(972)320-0249,NPI-1234567890,SELFPAY,2008-10-21,I50.9
ECW-00318,Kevin,Tran,1946-09-20,M,2931,751 Singleton Meadow Suite 377,Lawton,OK,80529,(240)755-3666,NPI-9988776655,CIGNA-PPO,2004-06-11,I10
ECW-00112,Thomas,Fry,1961-12-14,M,,6188 Joshua Inlet Apt. 832,Hunterhaven,TX,85691,(463)031-6179,NPI-1234567890,MEDICAID-OK,2026-05-08,I50.9
ECW-00231,Taylor,Howard,1993-10-04,F,,0158 Miller Mount Suite 328,Oklahoma City,OK,06346,(157)173-2030,NPI-6677889900,BCBSOK-PPO,2026-05-08,M54.5
ECW-00361,Anita,Rodriguez,1979-02-22,F,8483,93371 Shelly River,Stillwater,OK,54738,(202)368-4855,NPI-0987654321,BCBSOK-PPO,2026-05-08,E11.65
ECW-00283,Jennifer,Bush,1970-08-04,F,4984,779 Peterson Well Apt. 321,Tulsa,OK,94168,(006)102-7769,NPI-5544332211,HUMANA-PPO,2023-10-22,I21.9
ECW-00055,Ashley,Nolan,1986-11-11,F,,182 John Mill Suite 889,Midwest City,OK,25546,(659)051-5186,NPI-9988776655,AETNA-HMO,2005-12-10,N18.3
ECW-00008,Derek,Brennan,1972-11-30,M,6977,83465 Lam Mission Apt. 331,Edmond,OK,50983,(930)103-1051,NPI-6677889900,CIGNA-PPO,2015-10-16,I21.9
ECW-00496,Chad,Hurley,1949-06-21,M,2036,48439 Brian Loop,Lawton,OK,22723,(626)693-3513,NPI-3344556677,BCBSOK-PPO,1986-09-14,I21.9
ECW-00352,Patricia,Bruce,1954-05-28,F,2083,31290 Julia Plaza,Oklahoma City,OK,70682,(778)816-0930,NPI-5544332211,AETNA-HMO,2026-05-08,F32.9
ECW-00334,Kathryn,Ferguson,2001-05-02,F,7516,461 Daisy Trail Suite 243,Midwest City,OK,64027,(011)686-4622,NPI-5544332211,AETNA-HMO,2026-05-08,I10
ECW-00387,Michael,Martinez,1977-04-03,M,,964 Stacy Ford,Norman,OK,11060,(920)981-9602,NPI-6677889900,CIGNA-PPO,2026-05-08,E11.65
ECW-00372,Nicole,Wilson,1983-09-04,F,,0191 Monroe Ways Apt. 025,South Jessica,TX,21310,(962)272-8476,NPI-6677889900,HUMANA-PPO,2026-05-08,F32.9
ECW-00343,Jay,Kennedy,1967-07-14,M,4490,6184 Horton Fields Suite 125,Stillwater,OK,90472,(927)742-3330,NPI-6677889900,CIGNA-PPO,2026-05-08,N18.4
ECW-00165,Crystal,Robertson,1945-11-28,F,,22259 Donna Mall Suite 177,Norman,OK,73926,(030)299-2280,NPI-3344556677,AETNA-HMO,1996-04-24,I21.9
ECW-00124,Thomas,Harris,1949-11-26,M,5106,2500 Brenda Divide,Oklahoma City,OK,18515,(691)545-2267,NPI-3344556677,SELFPAY,1973-03-18,I21.9
ECW-00330,David,Miller,1994-11-08,M,,2336 Catherine Hollow Suite 973,Norman,OK,47156,(627)768-9627,NPI-1234567890,BCBSOK-PPO,2026-05-08,Z00.00
ECW-00306,Barbara,Holmes,1944-01-26,F,,8030 Hull Place Suite 506,Broken Arrow,OK,35190,(361)332-5411,NPI-3344556677,BCBSOK-PPO,2013-04-19,J44.1
ECW-00064,Melissa,Richardson,2006-06-27,F,,61692 Morris Common Suite 447,Enid,OK,96275,(705)964-0165,NPI-3344556677,SELFPAY,2026-05-08,I10
ECW-00076,Jason,Hampton,1968-02-15,M,,028 Ann Shore Suite 865,Moore,OK,27858,(549)733-4843,NPI-1234567890,HUMANA-PPO,2009-09-07,I50.9
ECW-00275,Lisa,Solomon,1980-07-14,F,6404,72563 Erickson Street,Brandimouth,TX,94118,(005)375-9900,NPI-5544332211,CIGNA-PPO,2026-05-08,I50.9
ECW-00234,Vanessa,Johnston,1958-01-03,F,5331,3092 Brown Harbor,Edmond,OK,26258,(273)902-1962,NPI-9988776655,UNITEDHC,1995-07-15,M54.5
ECW-00449,Richard,Hays,1981-08-27,M,2741,222 Baxter Islands,Enid,OK,10287,(675)481-3866,NPI-6677889900,HUMANA-PPO,2026-05-08,N18.3
ECW-00263,Wendy,Jenkins,1985-10-06,F,3347,333 Watkins Spurs,Edmond,OK,14152,(085)076-9864,NPI-3344556677,SELFPAY,2004-01-01,I21.9
ECW-00339,Jonathan,Miller,1943-11-20,M,4496,8333 Karen Shoals,Jacksonmouth,AR,11602,(564)347-1287,NPI-1122334455,MEDICAID-OK,1995-09-10,I50.9
ECW-00417,Thomas,King,1990-02-26,M,7671,24189 Melissa Ridge Suite 690,Enid,OK,81974,(005)643-5023,NPI-9988776655,CIGNA-PPO,2008-11-11,N18.4
ECW-00485,Robert,Mathis,1977-05-12,M,3536,647 Preston Streets,New Sandraborough,AR,25129,(578)606-9409,NPI-1234567890,AETNA-HMO,2026-05-08,Z23
ECW-00456,James,Medina,1971-01-23,M,8479,58841 Jonathan Mountain Suite 018,Lake Ryan,TX,27279,(559)690-5150,NPI-3344556677,MEDICAID-OK,2008-02-11,I50.9
ECW-00319,Pamela,Vaughn,1969-06-30,F,7286,25999 Baird Ford,Marktown,KS,61863,(715)974-1218,NPI-3344556677,CIGNA-PPO,1999-02-23,N18.3
ECW-00291,Jessica,Carrillo,1966-08-06,F,6829,55626 Phillip Camp,Norman,OK,29084,(668)455-0489,NPI-7788990011,UNITEDHC,1994-01-26,N18.3
ECW-00297,Barbara,Bailey,1980-01-01,F,3390,7949 Mccullough Tunnel,Moore,OK,67922,(877)725-1996,NPI-1234567890,CIGNA-PPO,2026-05-08,E11.9
ECW-00422,Michael,Gordon,1981-06-10,M,1813,6974 James Dam,Broken Arrow,OK,83483,(152)037-7107,NPI-1122334455,HUMANA-PPO,2026-05-08,Z23
ECW-00301,Jason,Washington,1971-04-16,M,,913 Kevin Lodge Suite 183,Schultztown,AR,25823,(868)700-7942,NPI-5544332211,MEDICAID-OK,2009-02-17,J06.9
ECW-00271,Shannon,Martin,1985-04-02,F,4350,1776 Love Wells,Welchchester,KS,12481,(569)857-0027,NPI-0987654321,BCBSOK-PPO,2011-10-14,K21.0
ECW-00464,Valerie,Barker,1970-11-02,F,,15502 Patrick Stream Apt. 546,Port Rebecca,AR,60241,(613)944-9883,NPI-1234567890,MEDICARE-A,1991-09-09,M54.5
ECW-00080,John,Lee,1975-03-09,M,6576,205 Bradley Throughway Apt. 296,West Franciscomouth,KS,68516,(122)753-0463,NPI-1234567890,MEDICAID-OK,2026-05-08,K21.0
ECW-00354,Edwin,Carter,1992-04-26,M,6680,96348 Savannah River,Lawton,OK,70509,(754)510-5265,NPI-3344556677,UNITEDHC,2010-10-23,E11.65
ECW-00307,Alyssa,Reynolds,1992-02-04,F,1725,543 Thomas Junctions,Moore,OK,05831,(997)179-1100,NPI-1122334455,AETNA-HMO,2011-05-01,E11.65
ECW-00472,Mitchell,Hunt,1962-04-07,M,1795,49125 Douglas Divide,Pattersonville,AR,37341,(517)734-5475,NPI-3344556677,SELFPAY,2014-09-14,I10
ECW-00440,Kelly,Cox,2005-10-02,F,,86342 Rivera Forge,Oklahoma City,OK,83000,(818)670-2440,NPI-1234567890,UNITEDHC,2026-05-08,E11.65
ECW-00162,Sarah,Welch,1979-03-07,F,4630,308 Stephens Plains Suite 256,Enid,OK,39427,(881)658-0392,NPI-7788990011,MEDICAID-OK,2026-05-08,Z23
ECW-00247,Kristina,Johnson,1972-08-09,F,5374,8284 Samantha Lodge Suite 275,Tiffanyberg,AR,20885,(474)929-7517,NPI-7788990011,MEDICAID-OK,2026-05-08,J06.9
ECW-00373,Nathan,Wallace,1998-07-09,M,3290,1200 Wesley Branch,Norman,OK,66784,(984)362-4186,NPI-1122334455,AETNA-HMO,2026-05-08,K21.0
ECW-00360,Kaitlyn,Kerr,1996-04-21,F,1862,2475 Torres Court,Tulsa,OK,08255,(598)953-4396,NPI-3344556677,UNITEDHC,2026-05-08,E11.9
ECW-00069,Christopher,Morris,1964-10-27,M,9837,8414 Cynthia Plaza,Tulsa,OK,42498,(182)992-2995,NPI-1234567890,HUMANA-PPO,2018-04-08,E11.9
ECW-00246,Jacob,Roberts,1971-01-21,M,4027,54729 Jennifer Heights,Broken Arrow,OK,22223,(105)927-4523,NPI-3344556677,CIGNA-PPO,2010-08-07,K21.0
ECW-00433,Jessica,Romero,1986-12-24,F,6031,34750 Mitchell Lights Suite 220,Edmond,OK,36849,(951)542-1447,NPI-1122334455,SELFPAY,2005-09-22,J06.9
ECW-00141,Monica,Carlson,1949-04-20,F,,2575 Frederick Valleys Suite 033,Moore,OK,23098,(215)064-8909,NPI-1122334455,AETNA-HMO,1999-01-08,N18.4
ECW-00400,Angela,Reynolds,1944-06-20,F,9849,8685 Scott Land,Broken Arrow,OK,10663,(436)294-8978,NPI-7788990011,BCBSOK-PPO,2003-11-24,N18.3
ECW-00349,Joshua,Jones,1954-04-28,M,5295,359 Robert Drives Suite 660,Enid,OK,93141,(818)615-1554,NPI-1122334455,BCBSOK-PPO,2025-10-06,M54.5
ECW-00071,Scott,Flores,1995-09-10,M,2874,815 Steven Grove Suite 321,Theresaberg,TX,04696,(325)953-2787,NPI-0987654321,MEDICAID-OK,2023-12-15,I50.9
ECW-00130,Melissa,Mayer,1952-04-13,F,2035,4160 David Throughway,Moore,OK,72233,(206)163-2945,NPI-9988776655,BCBSOK-PPO,1984-10-23,K21.0
ECW-00193,Patricia,Harding,1988-12-06,F,4268,889 Clinton Mount Suite 224,Enid,OK,59334,(419)693-1572,NPI-3344556677,CIGNA-PPO,2023-11-17,E11.9
ECW-00120,Adam,Greer,1967-05-22,M,,36519 Lowery Club,Edmond,OK,01372,(151)070-2966,NPI-1122334455,AETNA-HMO,2026-05-08,I10
ECW-00438,David,Coleman,1991-11-22,M,3595,5156 Kim Orchard,Stillwater,OK,79630,(448)360-8545,NPI-0987654321,SELFPAY,2026-05-08,N18.4
ECW-00046,Frank,Hernandez,1971-04-09,M,2137,9985 Vang Pines,Enid,OK,47896,(118)367-3657,NPI-6677889900,AETNA-HMO,1989-08-22,M54.5
ECW-00479,William,Bautista,1981-04-21,M,3399,58772 Cameron Meadows Suite 175,Enid,OK,82313,(348)458-7149,NPI-0987654321,MEDICARE-A,2008-11-02,J44.1
ECW-00277,Nicole,Howe,1991-10-31,F,9954,562 Doyle Overpass Apt. 870,Ravenview,KS,32032,(074)276-1707,NPI-6677889900,MEDICAID-OK,2026-05-08,E11.65
ECW-00196,Patricia,Anderson,1974-01-22,F,,8376 Ann Street,Tulsa,OK,83314,(659)116-6553,NPI-0987654321,MEDICAID-OK,2026-05-08,F32.9
ECW-00394,Laura,Lucas,1988-03-16,F,2110,5330 Jimenez Harbor Suite 117,Oklahoma City,OK,29596,(390)409-0742,NPI-7788990011,CIGNA-PPO,2026-05-08,Z00.00
ECW-00090,Sydney,Weaver,1952-08-15,F,4697,62312 Jeffery Motorway,New Arthurland,TX,50997,(700)886-0084,NPI-3344556677,BCBSOK-PPO,1979-01-22,M54.5
ECW-00138,Brent,Anderson,1997-02-25,M,1422,825 Jeffrey Fork Suite 655,Stillwater,OK,49471,(709)991-7381,NPI-6677889900,HUMANA-PPO,2019-08-28,M54.5
ECW-00068,Stacey,Jones,1988-01-11,F,6529,786 Morrow Cliffs Apt. 517,Moore,OK,78528,(922)680-1824,NPI-9988776655,AETNA-HMO,2026-05-08,I50.9
ECW-00105,Robert,Matthews,1943-05-04,M,1224,962 Kristen Via Apt. 095,Tulsa,OK,84982,(544)948-1260,NPI-1122334455,SELFPAY,1995-01-03,F32.9
ECW-00286,Timothy,Stein,1988-01-19,M,,08069 Tran Grove Suite 717,Oklahoma City,OK,95760,(243)757-3839,NPI-5544332211,MEDICAID-OK,2026-05-08,E11.9
ECW-00333,Karen,Dorsey,1966-03-23,F,,024 Blackburn Drive Suite 399,Midwest City,OK,20116,(691)836-2644,NPI-0987654321,CIGNA-PPO,1989-01-01,N18.3
ECW-00116,Richard,Stevenson,1967-03-19,M,5906,5973 Edward Lodge,Oklahoma City,OK,03850,(506)413-8367,NPI-1122334455,BCBSOK-PPO,2026-05-08,E11.9
ECW-00304,Timothy,Wallace,1970-04-24,M,3280,045 Christopher Ridges,Norman,OK,43375,(047)930-3614,NPI-9988776655,UNITEDHC,2004-03-26,I21.9
ECW-00355,Alexa,Jordan,1941-04-06,F,,88261 Smith Trafficway,Moore,OK,43765,(456)284-1772,NPI-9988776655,CIGNA-PPO,1970-09-07,F32.9
ECW-00084,Catherine,Taylor,1984-06-18,F,4155,6766 Felicia Shore Apt. 512,Broken Arrow,OK,86823,(004)786-8633,NPI-1234567890,UNITEDHC,2016-05-26,Z23
ECW-00267,Scott,Pruitt,1956-07-24,M,7824,4424 Richard Crescent,Broken Arrow,OK,23034,(778)660-3242,NPI-5544332211,SELFPAY,1999-06-09,I10
ECW-00121,Kathleen,Reyes,1989-02-22,F,,53244 Stephenson Bypass Apt. 476,Moore,OK,87014,(626)383-8065,NPI-9988776655,CIGNA-PPO,2026-05-08,N18.3
ECW-00122,Karen,Harrington,1955-06-13,F,5837,856 White Island Apt. 040,Oklahoma City,OK,78593,(213)348-0396,NPI-0987654321,AETNA-HMO,2020-07-10,M54.5
ECW-00374,Vanessa,Martinez,1973-08-15,F,2376,9036 Lynn Points,Oklahoma City,OK,91775,(662)056-3411,NPI-9988776655,BCBSOK-PPO,2023-11-24,J44.1
ECW-00053,Ashley,Scott,1954-12-26,F,6279,212 Marshall Port,Enid,OK,97995,(527)177-4490,NPI-1234567890,CIGNA-PPO,1984-04-28,Z23
ECW-00078,Ashley,Yang,1978-02-06,F,,08330 Robert Stravenue,Midwest City,OK,71208,(267)734-5401,NPI-9988776655,BCBSOK-PPO,2026-05-08,I21.9
ECW-00058,Lisa,Goodwin,2002-07-06,F,2988,3597 Hammond Tunnel Suite 886,Youngbury,KS,23924,(075)818-1412,NPI-9988776655,CIGNA-PPO,2026-05-08,N18.3
ECW-00282,Edward,Williams,1985-05-25,M,9625,81866 Steven Stravenue,Moore,OK,94549,(180)172-2601,NPI-7788990011,MEDICAID-OK,2026-05-08,E11.9
ECW-00256,Steven,Lopez,1964-08-31,M,7698,12495 Martin Parkway Apt. 891,Lawton,OK,19083,(342)801-3875,NPI-0987654321,HUMANA-PPO,1994-01-23,K21.0
ECW-00490,Alvin,Harris,1972-05-25,M,5633,05070 Robin Cape Suite 982,Garrettview,KS,21053,(161)177-6872,NPI-1234567890,CIGNA-PPO,2007-10-14,N18.4
ECW-00201,Lauren,Sutton,1956-02-16,F,3513,48262 Lonnie Point,Midwest City,OK,81252,(056)647-4231,NPI-3344556677,MEDICAID-OK,1982-07-04,F32.9
ECW-00081,Jeremy,Adams,1999-05-03,M,7658,5301 Parker Lodge,Kevinshire,TX,84145,(933)272-7956,NPI-5544332211,MEDICARE-A,2026-05-08,I21.9
ECW-00392,Jeff,Burgess,1949-08-19,M,9129,196 Gonzalez Knoll Suite 172,Lawton,OK,08496,(498)560-1256,NPI-1234567890,MEDICAID-OK,1967-11-17,E11.65
ECW-00409,Bradley,Nelson,1988-01-03,M,,9149 Vaughn Way,Moore,OK,01980,(382)872-3244,NPI-9988776655,SELFPAY,2026-05-08,M54.5
ECW-00481,Phillip,Smith,1972-10-13,M,6122,65274 Lori Flats Apt. 445,Edmond,OK,05665,(883)398-7411,NPI-6677889900,MEDICARE-A,2026-05-08,I50.9
ECW-00265,Dustin,Williams,1976-02-13,M,,91919 Nelson Port Suite 635,Moore,OK,14846,(853)664-9878,NPI-9988776655,CIGNA-PPO,2002-09-18,Z00.00
ECW-00451,Justin,Cuevas,2006-10-09,M,2458,5203 Ward Fields,Tulsa,OK,09451,(548)094-0476,NPI-1234567890,CIGNA-PPO,2026-05-08,J06.9
ECW-00026,Samuel,White,2001-07-30,M,6559,4549 Peters Path,Broken Arrow,OK,31367,(837)770-1436,NPI-3344556677,AETNA-HMO,2026-05-08,Z00.00
ECW-00296,Nicole,Raymond,1972-03-23,F,4977,96115 Williams Drives Apt. 545,Norman,OK,44702,(296)044-3270,NPI-3344556677,BCBSOK-PPO,2016-12-29,I50.9
ECW-00379,Thomas,Anderson,1999-02-23,M,3248,68740 Joyce Gardens Apt. 214,Williammouth,KS,62961,(367)157-7871,NPI-9988776655,AETNA-HMO,2026-05-08,K21.0
ECW-00109,Kelly,Wallace,1993-09-07,F,8935,271 Patrick Street Apt. 155,Lake Matthewville,TX,42622,(189)092-7532,NPI-5544332211,HUMANA-PPO,2014-04-15,J06.9
ECW-00493,Jennifer,Smith,1949-01-04,F,,5396 Haney Motorway Suite 871,Midwest City,OK,48552,(457)871-5841,NPI-5544332211,AETNA-HMO,2015-07-21,K21.0
ECW-00447,Julie,Holder,1972-11-25,F,5140,3318 Rivera Circle,Oklahoma City,OK,97921,(583)503-4469,NPI-3344556677,CIGNA-PPO,2025-08-13,Z00.00
ECW-00063,Robin,Brown,2001-06-06,F,7883,05486 King Terrace,Johnsonborough,AR,34505,(415)667-6527,NPI-0987654321,HUMANA-PPO,2026-05-08,E11.9
ECW-00023,Ruben,Ruiz,2000-08-24,M,1964,3100 James Brooks,Tulsa,OK,92327,(193)745-2991,NPI-7788990011,BCBSOK-PPO,2026-05-08,I10
ECW-00060,Sylvia,Kennedy,1984-11-01,F,,779 Rebecca Brook,Edmond,OK,43289,(861)434-1036,NPI-6677889900,MEDICARE-A,2007-11-01,F32.9
ECW-00396,Teresa,Garcia,1997-12-01,F,,02156 George Field,Midwest City,OK,58004,(010)414-5964,NPI-3344556677,MEDICARE-A,2026-05-08,F32.9
ECW-00095,Jerry,Peters,1948-11-30,M,5352,01581 Shields Bridge Suite 661,Norman,OK,83982,(622)444-7212,NPI-3344556677,HUMANA-PPO,1970-07-17,I50.9
ECW-00441,David,Barton,1986-09-19,M,6641,41662 Atkins Club,Enid,OK,18600,(892)196-3945,NPI-1122334455,AETNA-HMO,2026-05-08,M54.5
ECW-00390,Vanessa,Chaney,1991-05-22,F,6846,980 Aimee Glens Apt. 390,Edmond,OK,80882,(351)305-2312,NPI-3344556677,MEDICAID-OK,2026-05-08,Z00.00
ECW-00002,Mark,Johnson,2004-10-09,M,5012,819 Johnson Course,Johnberg,KS,33890,(838)637-9402,NPI-5544332211,UNITEDHC,2026-05-08,N18.4
ECW-00009,Jose,Ramirez,1952-05-14,M,9751,76311 Gomez Loop Suite 010,Lewisberg,TX,65133,(387)262-4731,NPI-5544332211,BCBSOK-PPO,1993-03-17,J06.9
ECW-00033,Scott,Rivera,1951-06-14,M,9565,6807 Leonard Islands Apt. 680,Lawton,OK,87603,(859)770-3482,NPI-3344556677,HUMANA-PPO,2008-02-23,I50.9
ECW-00268,Allen,Clarke,1977-05-21,M,8369,700 Lee Hills,Donnaburgh,KS,16516,(231)981-8984,NPI-9988776655,HUMANA-PPO,2022-11-03,Z23
ECW-00376,William,Walton,1991-12-12,M,,521 Russell Streets Apt. 820,Portermouth,TX,96790,(422)711-3322,NPI-6677889900,BCBSOK-PPO,2026-05-08,Z00.00
ECW-00237,Jessica,Cook,2003-03-30,F,2294,10822 Todd Crescent Apt. 379,Midwest City,OK,95635,(315)313-6363,NPI-3344556677,CIGNA-PPO,2026-05-08,N18.3
ECW-00223,Karen,Vaughn,1941-10-01,F,7606,847 Alexandra Ridge,Stillwater,OK,13718,(949)058-0778,NPI-1122334455,CIGNA-PPO,1976-10-05,I50.9
ECW-00484,Jeffery,Shaffer,1973-03-05,M,5572,085 Ariel Bypass,Stillwater,OK,85874,(951)191-8182,NPI-3344556677,AETNA-HMO,2003-03-31,J44.1
ECW-00059,Denise,Whitehead,1967-04-24,F,9270,1375 Robert Locks,Midwest City,OK,85361,(530)515-2204,NPI-1122334455,UNITEDHC,2011-10-23,I10
ECW-00024,Richard,Martin,1982-01-12,M,4510,90496 David Flat Apt. 931,Midwest City,OK,49190,(586)518-5067,NPI-1122334455,MEDICAID-OK,2026-05-08,E11.65
ECW-00324,Gabriel,Goodman,1965-12-27,M,9115,727 Skinner Extension,Murrayland,AR,09124,(186)210-4275,NPI-6677889900,UNITEDHC,2026-05-08,Z23
ECW-00261,John,Green,1953-09-24,M,1797,800 Beard Crest Suite 756,Midwest City,OK,77002,(842)762-4671,NPI-0987654321,BCBSOK-PPO,1985-04-16,Z23
ECW-00314,Pamela,Matthews,1971-07-12,F,4232,53042 Clark Common Suite 912,Oklahoma City,OK,86857,(872)558-7774,NPI-0987654321,MEDICARE-A,2026-05-08,F32.9
ECW-00362,Jerry,Love,1965-05-25,M,9083,94240 Laura Square,Joneschester,KS,36788,(127)868-6694,NPI-9988776655,UNITEDHC,2026-05-08,E11.9
ECW-00299,Ronald,Combs,1965-12-09,M,5991,89569 Travis Brooks Suite 626,Stillwater,OK,08564,(111)824-2241,NPI-3344556677,UNITEDHC,1991-07-09,K21.0
ECW-00310,Jessica,Moyer,1969-09-12,F,,9822 Parker Junctions Suite 508,Edmond,OK,92038,(806)533-3153,NPI-6677889900,HUMANA-PPO,2005-09-19,E11.65
ECW-00006,Darlene,Tran,2003-02-13,F,9785,184 Rodriguez Mews,Enid,OK,27048,(281)489-3252,NPI-7788990011,CIGNA-PPO,2026-05-08,E11.9
ECW-00281,Jay,Avila,1961-12-17,M,,266 Billy Junctions Suite 327,Tulsa,OK,88147,(617)422-4386,NPI-1234567890,MEDICAID-OK,2026-05-08,N18.4
ECW-00043,Trevor,Foley,1992-06-09,M,,585 Raymond Field,Norman,OK,17139,(005)329-3183,NPI-9988776655,HUMANA-PPO,2026-05-08,F32.9
ECW-00152,Jane,Brown,2000-10-09,F,1502,42442 Hannah Hill,Moore,OK,38057,(198)386-3840,NPI-1234567890,HUMANA-PPO,2026-05-08,N18.3
ECW-00097,Doris,Neal,1967-09-29,F,1653,4651 Brittany Plains Apt. 807,Faulknerbury,AR,37416,(724)342-6617,NPI-6677889900,SELFPAY,1992-10-15,I10
ECW-00191,Tony,Yu,1954-10-24,M,6447,38392 Reese Trafficway Suite 761,North Jessicaside,KS,22868,(528)975-5855,NPI-6677889900,UNITEDHC,1975-04-24,J44.1
ECW-00197,Frank,Wheeler,1958-01-29,M,2680,2597 Scott Viaduct,Midwest City,OK,33521,(103)924-0514,NPI-3344556677,UNITEDHC,2017-12-14,N18.4
ECW-00048,Emily,Garcia,1976-01-02,F,6139,73158 Wilson Harbors,Stillwater,OK,93689,(980)940-2445,NPI-7788990011,MEDICARE-A,2023-09-02,I50.9
ECW-00148,Samantha,Conner,1946-11-28,F,6793,837 Cox Center Apt. 758,Edmond,OK,99757,(113)055-4885,NPI-6677889900,HUMANA-PPO,1988-12-17,Z00.00
ECW-00365,Joshua,Irwin,1943-03-04,M,1719,649 Lisa Forges,Midwest City,OK,54396,(273)652-7172,NPI-3344556677,MEDICAID-OK,1982-09-06,N18.4
ECW-00332,Katherine,Frost,1950-09-10,F,8405,567 Davidson Radial Apt. 601,Enid,OK,69236,(458)750-6633,NPI-5544332211,MEDICARE-A,2011-01-15,Z00.00
ECW-00149,Michaela,Williams,1975-06-21,F,9313,2614 Jacob Walk,Tulsa,OK,63735,(160)917-7982,NPI-3344556677,AETNA-HMO,2026-05-08,J44.1
ECW-00164,Ashley,Schmitt,1989-04-26,F,3504,498 Nicholas Lane Suite 918,Midwest City,OK,46386,(557)790-8272,NPI-5544332211,CIGNA-PPO,2026-01-08,J44.1
ECW-00500,Kevin,Leon,1995-12-17,M,7456,113 Carpenter Station,Broken Arrow,OK,96605,(779)806-6039,NPI-6677889900,UNITEDHC,2026-05-08,I10
ECW-00044,Laurie,Li,1946-12-01,F,,2904 Vanessa Plains,Tulsa,OK,42102,(053)950-2402,NPI-1234567890,MEDICAID-OK,1966-11-21,N18.4
ECW-00262,Keith,Henry,2001-12-14,M,5739,4796 Miranda Haven,Alvarezburgh,AR,50090,(255)905-6165,NPI-5544332211,AETNA-HMO,2026-05-08,K21.0
ECW-00025,Brian,Yu,1998-07-22,M,8062,849 Marshall Views,Zimmermanchester,TX,94531,(473)799-6507,NPI-1122334455,MEDICARE-A,2026-05-08,K21.0
ECW-00248,Steven,Taylor,1983-07-21,M,4871,1509 Brandy Forges Suite 301,West Angelbury,TX,87186,(375)998-0562,NPI-6677889900,MEDICAID-OK,2014-05-01,Z00.00
ECW-00142,Zachary,Stanley,1963-01-12,M,8267,16761 Wells Drives,Stillwater,OK,30461,(849)926-1891,NPI-3344556677,UNITEDHC,2015-03-24,Z00.00
ECW-00216,Ashley,Brown,1980-05-01,F,1981,545 Jennifer Skyway Apt. 792,Myersshire,TX,17174,(773)329-4562,NPI-1122334455,AETNA-HMO,2026-05-08,K21.0
ECW-00454,Eric,Castro,1998-06-30,M,,7919 Davis Course,Norman,OK,21259,(020)357-1343,NPI-1234567890,SELFPAY,2026-05-08,K21.0
ECW-00458,Tricia,Rich,1955-12-22,F,3969,028 Sandra Ranch Apt. 922,South Ronaldview,AR,50142,(576)270-2324,NPI-1122334455,HUMANA-PPO,1998-09-26,K21.0
ECW-00363,Daniel,Smith,2006-06-12,M,,087 Turner Forges,Lawton,OK,44812,(308)340-2424,NPI-0987654321,UNITEDHC,2026-05-08,N18.4
ECW-00159,Rebecca,Atkinson,2005-05-02,F,2275,508 David Avenue Suite 881,Susanberg,AR,43536,(822)239-4312,NPI-0987654321,UNITEDHC,2026-05-08,E11.9
ECW-00210,Justin,Stone,1966-08-25,M,9476,2934 Aaron Burg Suite 139,Moore,OK,66055,(830)344-1448,NPI-5544332211,HUMANA-PPO,2026-05-08,I21.9
ECW-00467,Eric,Potter,1948-04-16,M,6584,702 Claudia Port Suite 604,Midwest City,OK,87368,(269)116-3319,NPI-3344556677,AETNA-HMO,1980-05-26,E11.65
ECW-00051,Donna,Wilson,1977-10-02,F,5844,622 Patel Forks Suite 160,Moore,OK,60715,(969)664-1605,NPI-5544332211,HUMANA-PPO,2024-02-26,N18.3
ECW-00018,Eric,Kelley,1953-04-13,M,1319,4369 Marshall Mills,Broken Arrow,OK,38721,(489)513-4332,NPI-7788990011,MEDICARE-A,1976-04-11,M54.5
ECW-00303,Glenn,Stevens,1945-11-09,M,1440,20970 Emily Loop Suite 681,Midwest City,OK,18071,(569)562-0175,NPI-7788990011,HUMANA-PPO,2022-11-09,E11.65
ECW-00102,Carrie,Nunez,1984-05-16,F,7622,251 Kevin Falls,Samanthashire,KS,52866,(929)662-7828,NPI-1234567890,BCBSOK-PPO,2026-05-08,I10
ECW-00302,April,Mahoney,1973-04-12,F,7437,3984 Evan Place Apt. 416,Nelsonview,AR,12846,(398)554-7435,NPI-0987654321,SELFPAY,2026-05-08,F32.9
ECW-00235,Alexis,Tucker,1986-11-04,F,,21946 Schwartz Ford,Midwest City,OK,24876,(329)092-7914,NPI-1122334455,CIGNA-PPO,2026-05-08,F32.9
ECW-00214,Randy,Garcia,1999-09-24,M,5336,8104 Gloria Ranch Apt. 570,East Jenny,AR,18409,(435)334-4857,NPI-6677889900,SELFPAY,2024-11-02,I10
ECW-00483,Brandon,Sanchez,1941-12-25,M,,840 Kelsey Cliff Suite 573,Norman,OK,25737,(553)449-0216,NPI-5544332211,MEDICAID-OK,2009-12-09,I10
ECW-00104,Joshua,Jackson,1983-01-22,M,5719,788 Ashley Grove Suite 807,Oklahoma City,OK,83613,(407)451-7133,NPI-6677889900,UNITEDHC,2019-10-22,E11.9
ECW-00442,Jessica,Paul,1992-01-13,F,1749,9764 Davis Lodge,Joshuaborough,TX,84748,(836)076-5817,NPI-3344556677,SELFPAY,2025-10-30,M54.5
ECW-00047,Jennifer,Blair,2004-07-16,F,5279,5452 Jones Village Apt. 161,Tulsa,OK,52809,(885)165-6049,NPI-7788990011,BCBSOK-PPO,2026-05-08,N18.3
ECW-00001,Carlos,Ramirez,1976-12-04,M,6789,742 Evergreen Terrace,Oklahoma City,OK,73102,(405)555-0182,NPI-9988776655,CIGNA-PPO,2026-05-08,I10
ECW-00386,Andrew,Johnson,1963-01-07,M,1920,955 Susan Meadows Apt. 863,Enid,OK,96096,(262)658-2631,NPI-1234567890,MEDICARE-A,2026-05-08,K21.0
ECW-00470,Natalie,Stephenson,1997-06-03,F,4209,832 Wood Well Apt. 273,Midwest City,OK,52410,(397)739-7327,NPI-1122334455,HUMANA-PPO,2026-05-08,J06.9
ECW-00209,Erin,Gutierrez,1959-11-09,F,7708,390 Ashley Roads,Lawton,OK,81794,(695)489-9529,NPI-7788990011,CIGNA-PPO,2019-05-13,I50.9
ECW-00072,Kathleen,Parker,1991-12-18,F,2876,68733 Williams Haven,Tulsa,OK,79748,(016)245-6506,NPI-3344556677,MEDICAID-OK,2026-05-08,Z00.00
ECW-00242,Joshua,Norton,1971-05-27,M,4052,508 Barron Creek,Oklahoma City,OK,65790,(552)818-3253,NPI-9988776655,SELFPAY,2006-04-13,J44.1
ECW-00085,Julia,Moore,1942-01-04,F,9595,106 John Cliff,Edmond,OK,19079,(030)673-8302,NPI-5544332211,BCBSOK-PPO,1969-12-30,I21.9
ECW-00459,Eric,Lopez,1963-09-05,M,,85072 Garcia Plaza,South Christopher,TX,63767,(316)252-6546,NPI-6677889900,CIGNA-PPO,1985-11-06,Z23
ECW-00498,Jane,Vance,1947-09-28,F,3561,769 Nancy Square,Enid,OK,74381,(199)537-6601,NPI-0987654321,BCBSOK-PPO,2005-02-20,K21.0
ECW-00098,William,Mendoza,1998-10-28,M,1339,8911 Diane Knoll,Fergusonchester,AR,29096,(561)014-3888,NPI-1234567890,BCBSOK-PPO,2026-05-08,N18.4
ECW-00113,Lisa,Parker,2005-08-22,F,7717,02027 Mills Tunnel,Midwest City,OK,42524,(105)648-1491,NPI-7788990011,CIGNA-PPO,2026-05-08,I21.9
ECW-00255,Jeff,Hines,1940-02-09,M,2196,07603 Antonio Shoals,Enid,OK,89071,(401)401-1939,NPI-0987654321,UNITEDHC,1969-07-31,M54.5
ECW-00020,William,Larson,1947-10-30,M,3705,868 Merritt Summit Suite 743,Enid,OK,48734,(714)345-5812,NPI-7788990011,HUMANA-PPO,1994-07-03,E11.9
ECW-00436,Jessica,Randolph,1955-12-07,F,,80032 Wiggins Forges Apt. 472,Norman,OK,72742,(318)306-1789,NPI-1234567890,UNITEDHC,2012-02-01,I10
ECW-00287,Susan,Morgan,1958-04-19,F,1539,46657 Christy Haven Apt. 722,Broken Arrow,OK,32971,(674)338-0054,NPI-0987654321,HUMANA-PPO,2026-05-08,E11.65
ECW-00232,Michelle,Watkins,1969-06-12,F,4340,1847 Levy Brook Apt. 505,Norman,OK,06138,(782)931-0270,NPI-0987654321,SELFPAY,2023-02-20,J06.9
ECW-00421,Hannah,Rios,1991-01-31,F,,2967 Diane Club,Norman,OK,48375,(374)584-3845,NPI-9988776655,AETNA-HMO,2012-03-20,E11.9
ECW-00012,Linda,Harvey,1994-06-28,F,9830,3534 Anderson Rue Suite 751,Sandovalshire,AR,07991,(183)842-5135,NPI-6677889900,MEDICAID-OK,2026-05-08,E11.65
ECW-00401,Jeffrey,Maldonado,1971-10-08,M,9043,31009 Allen Place,Moore,OK,14396,(661)347-3235,NPI-3344556677,CIGNA-PPO,2003-08-02,M54.5
ECW-00111,Elizabeth,Brown,1972-05-18,F,,9180 Peck Curve,South Paul,TX,69658,(271)091-0430,NPI-1122334455,SELFPAY,1992-10-07,M54.5
ECW-00230,Brittany,Bowman,1948-03-14,F,4728,642 Conway Ports,Enid,OK,08776,(618)306-7198,NPI-6677889900,CIGNA-PPO,1988-04-08,J06.9
ECW-00172,Alexandra,Jefferson,1981-07-11,F,3463,09883 Emily Lake Apt. 021,Edmond,OK,46566,(938)011-8489,NPI-6677889900,HUMANA-PPO,2026-05-08,M54.5
ECW-00266,Catherine,Smith,1973-03-30,F,9813,737 Giles Place,Norman,OK,96908,(357)232-4665,NPI-1122334455,CIGNA-PPO,2004-07-16,E11.65
ECW-00313,Alex,Byrd,1957-07-03,M,7985,153 Bryant Land Suite 289,Norman,OK,61122,(338)655-9630,NPI-9988776655,HUMANA-PPO,2015-03-17,Z23
ECW-00437,Christine,Thompson,1977-03-05,F,3897,496 Dana Orchard Apt. 434,Midwest City,OK,77695,(874)131-4675,NPI-1122334455,BCBSOK-PPO,2026-05-08,F32.9
ECW-00294,William,Trujillo,1979-05-12,M,5419,4492 Stone Gateway,Moore,OK,15893,(571)266-1106,NPI-7788990011,HUMANA-PPO,2026-05-08,N18.3
ECW-00430,Harold,Wagner,1976-03-25,M,4643,793 Hartman Forks Apt. 836,Enid,OK,92944,(551)166-8297,NPI-9988776655,CIGNA-PPO,2025-12-24,J06.9
ECW-00004,Diana,Reid,1987-03-29,F,5557,55341 Amanda Gardens Apt. 764,Moore,OK,83503,(056)413-9537,NPI-3344556677,AETNA-HMO,2026-05-08,E11.65
ECW-00166,Steven,Thomas,1964-12-12,M,5961,2869 Natalie Stream,Enid,OK,41379,(772)369-2929,NPI-1234567890,SELFPAY,2014-05-03,F32.9
ECW-00101,Jasmine,Bush,1981-02-27,F,7561,182 Nguyen Mount,West Karen,TX,14785,(969)691-5579,NPI-1234567890,SELFPAY,2007-05-14,J44.1
ECW-00249,Mike,Patterson,1970-08-24,M,6095,0455 Madden Well Apt. 376,Stillwater,OK,74266,(299)123-4785,NPI-1122334455,MEDICARE-A,2026-05-08,I21.9
ECW-00077,Teresa,Hendrix,1951-10-05,F,,5844 Ashley Plains Suite 652,Janetfort,TX,40415,(747)338-4842,NPI-0987654321,CIGNA-PPO,2014-05-30,Z00.00
ECW-00403,Linda,Montes,1999-09-01,F,2892,09438 Kari Trail,South Morganfort,TX,11457,(758)474-5705,NPI-3344556677,BCBSOK-PPO,2026-05-08,K21.0
ECW-00477,Morgan,Lowery,1943-04-16,F,6771,39977 Amanda Tunnel,New Kevin,KS,05137,(171)731-8939,NPI-7788990011,AETNA-HMO,1962-07-18,I10
ECW-00225,Adrian,Rodriguez,1995-06-22,M,,2437 Lauren Wall Apt. 512,New Joanne,KS,92766,(372)395-0410,NPI-0987654321,MEDICAID-OK,2026-05-08,E11.9
ECW-00181,Kimberly,Johnson,1999-06-29,F,5469,114 Christopher Loaf Suite 334,Tulsa,OK,72282,(005)577-8487,NPI-9988776655,CIGNA-PPO,2026-05-08,Z23
ECW-00327,Marie,Wood,1999-03-19,F,2923,64971 Johnathan Court,Stillwater,OK,95625,(257)150-9976,NPI-7788990011,MEDICARE-A,2025-03-29,M54.5
ECW-00073,Anthony,Hoffman,1979-01-11,M,7149,416 Duran Harbors Apt. 216,Stillwater,OK,55852,(398)680-0025,NPI-5544332211,MEDICARE-A,2020-07-13,M54.5
ECW-00250,Austin,Choi,1995-01-13,M,8454,06462 Page Throughway Apt. 326,Enid,OK,48704,(947)873-0024,NPI-6677889900,SELFPAY,2026-05-08,I50.9
ECW-00207,Preston,Smith,1988-12-26,M,4878,8097 Jay Shoals Suite 767,Enid,OK,19903,(849)830-2205,NPI-1122334455,CIGNA-PPO,2026-05-08,J06.9
ECW-00115,Robert,Klein,1951-08-16,M,5708,53654 Ashley Crest Apt. 238,Tulsa,OK,06174,(451)870-5349,NPI-1122334455,CIGNA-PPO,1989-01-18,E11.65
ECW-00139,Sean,James,1991-05-21,M,3076,0223 Ortiz Port Suite 252,Midwest City,OK,17525,(007)432-9271,NPI-1234567890,AETNA-HMO,2026-05-08,E11.9
ECW-00083,Katherine,Nolan,1964-07-23,F,6632,72867 Angelica Spring Suite 064,Midwest City,OK,03910,(651)801-7046,NPI-5544332211,UNITEDHC,2026-05-08,J06.9
ECW-00316,Julie,Oliver,1996-10-16,F,9019,7546 Hayden Fort Suite 151,Hayeschester,AR,48881,(431)115-0835,NPI-1122334455,CIGNA-PPO,2026-05-08,E11.9
ECW-00103,Carol,Roberts,2002-02-25,F,6927,0723 Maynard Parkways,West Megan,TX,76767,(721)903-4043,NPI-3344556677,BCBSOK-PPO,2026-05-08,E11.9
ECW-00125,Marie,,2004-01-09,F,3153,92644 Gregory Alley Suite 902,Moore,OK,95939,(172)513-5521,NPI-7788990011,BCBSOK-PPO,2026-05-08,Z00.00
ECW-00341,Kenneth,,1972-08-25,M,2678,9040 Melanie Manors Suite 528,Norman,OK,99316,(087)524-3772,NPI-9988776655,MEDICARE-A,2023-08-03,I21.9
ECW-00151,,Walls,2004-06-02,F,6062,39452 William Square,Norman,OK,51587,(996)846-0810,NPI-1122334455,MEDICARE-A,2026-05-08,E11.65
ECW-00331,Alejandro,,1993-11-23,M,5055,246 Torres Haven,Port Rebeccaport,TX,68971,(527)323-0085,NPI-3344556677,CIGNA-PPO,2026-05-08,Z00.00
ECW-00329,,Harris,1953-06-21,F,6302,339 Boyd Falls,Stillwater,OK,70171,(302)321-2983,NPI-9988776655,MEDICARE-A,1972-11-03,I50.9
